id,prob
2016-1112-1114,0.766666667
2016-1112-1122,0.95
2016-1112-1124,0.413333333
2016-1112-1138,0.94
2016-1112-1139,0.89
2016-1112-1153,0.756666667
2016-1112-1160,0.67
2016-1112-1163,0.786666667
2016-1112-1167,0.926666667
2016-1112-1173,0.646666667
2016-1112-1181,0.2
2016-1112-1201,0.953333333
2016-1112-1211,0.81
2016-1112-1214,0.986666667
2016-1112-1218,0.776666667
2016-1112-1221,0.953333333
2016-1112-1233,0.93
2016-1112-1234,0.52
2016-1112-1235,0.186666667
2016-1112-1277,0.12
2016-1112-1292,0.963333333
2016-1112-1320,0.83
2016-1112-1328,0.083333333
2016-1112-1332,0.483333333
2016-1112-1333,0.86
2016-1112-1345,0.11
2016-1112-1355,0.816666667
2016-1112-1371,0.49
2016-1112-1380,0.966666667
2016-1112-1386,0.746666667
2016-1112-1393,0.92
2016-1112-1396,0.843333333
2016-1112-1400,0.5
2016-1112-1401,0.283333333
2016-1112-1403,0.783333333
2016-1112-1421,0.876666667
2016-1112-1423,0.906666667
2016-1112-1428,0.376666667
2016-1112-1433,0.886666667
2016-1112-1435,0.666666667
2016-1112-1438,0.116666667
2016-1112-1453,0.926666667
2016-1112-1455,0.716666667
2016-1112-1463,0.863333333
2016-1114-1124,0.193333333
2016-1114-1153,0.446666667
2016-1114-1167,0.823333333
2016-1114-1181,0.26
2016-1114-1201,0.853333333
2016-1114-1214,0.893333333
2016-1114-1221,0.813333333
2016-1114-1233,0.746666667
2016-1114-1292,0.826666667
2016-1114-1320,0.876666667
2016-1114-1328,0.193333333
2016-1114-1332,0.393333333
2016-1114-1333,0.47
2016-1114-1380,0.89
2016-1114-1386,0.343333333
2016-1114-1400,0.366666667
2016-1114-1401,0.186666667
2016-1114-1423,0.703333333
2016-1114-1433,0.516666667
2016-1114-1453,0.826666667
2016-1114-1463,0.636666667
2016-1122-1114,0.14
2016-1122-1124,0.01
2016-1122-1139,0.093333333
2016-1122-1153,0.126666667
2016-1122-1167,0.296666667
2016-1122-1173,0.093333333
2016-1122-1181,0.006666667
2016-1122-1201,0.233333333
2016-1122-1211,0.17
2016-1122-1214,0.36
2016-1122-1221,0.863333333
2016-1122-1233,0.13
2016-1122-1235,0.006666667
2016-1122-1277,0.063333333
2016-1122-1292,0.21
2016-1122-1320,0.136666667
2016-1122-1328,0.036666667
2016-1122-1332,0.1
2016-1122-1333,0.026666667
2016-1122-1345,0.02
2016-1122-1371,0.04
2016-1122-1380,0.486666667
2016-1122-1386,0.17
2016-1122-1393,0.126666667
2016-1122-1400,0.016666667
2016-1122-1401,0.013333333
2016-1122-1403,0.05
2016-1122-1423,0.123333333
2016-1122-1428,0.03
2016-1122-1433,0.1
2016-1122-1438,0.02
2016-1122-1453,0.073333333
2016-1122-1463,0.2
2016-1124-1153,0.816666667
2016-1124-1167,0.773333333
2016-1124-1221,0.976666667
2016-1124-1320,0.766666667
2016-1124-1333,0.63
2016-1124-1380,0.876666667
2016-1124-1386,0.616666667
2016-1124-1400,0.766666667
2016-1124-1423,0.83
2016-1124-1433,0.793333333
2016-1124-1453,0.963333333
2016-1124-1463,0.81
2016-1138-1114,0.13
2016-1138-1122,0.833333333
2016-1138-1124,0.09
2016-1138-1139,0.186666667
2016-1138-1153,0.156666667
2016-1138-1167,0.616666667
2016-1138-1173,0.053333333
2016-1138-1181,0.07
2016-1138-1201,0.163333333
2016-1138-1211,0.18
2016-1138-1214,0.796666667
2016-1138-1221,0.84
2016-1138-1233,0.12
2016-1138-1235,0.043333333
2016-1138-1277,0.02
2016-1138-1292,0.223333333
2016-1138-1320,0.25
2016-1138-1328,0.056666667
2016-1138-1332,0.116666667
2016-1138-1333,0.133333333
2016-1138-1345,0.023333333
2016-1138-1371,0.04
2016-1138-1380,0.82
2016-1138-1386,0.12
2016-1138-1393,0.176666667
2016-1138-1400,0.016666667
2016-1138-1401,0.016666667
2016-1138-1403,0.063333333
2016-1138-1421,0.6
2016-1138-1423,0.096666667
2016-1138-1428,0.063333333
2016-1138-1433,0.096666667
2016-1138-1438,0.016666667
2016-1138-1453,0.63
2016-1138-1463,0.113333333
2016-1139-1114,0.533333333
2016-1139-1124,0.176666667
2016-1139-1153,0.383333333
2016-1139-1167,0.783333333
2016-1139-1181,0.166666667
2016-1139-1201,0.863333333
2016-1139-1211,0.53
2016-1139-1214,0.873333333
2016-1139-1221,0.92
2016-1139-1233,0.9
2016-1139-1292,0.803333333
2016-1139-1320,0.916666667
2016-1139-1328,0.076666667
2016-1139-1332,0.363333333
2016-1139-1333,0.493333333
2016-1139-1380,0.883333333
2016-1139-1386,0.323333333
2016-1139-1393,0.756666667
2016-1139-1400,0.153333333
2016-1139-1401,0.25
2016-1139-1423,0.69
2016-1139-1433,0.396666667
2016-1139-1453,0.853333333
2016-1139-1463,0.58
2016-1143-1112,0.553333333
2016-1143-1114,0.756666667
2016-1143-1122,0.966666667
2016-1143-1124,0.576666667
2016-1143-1138,0.963333333
2016-1143-1139,0.793333333
2016-1143-1153,0.753333333
2016-1143-1160,0.85
2016-1143-1163,0.63
2016-1143-1167,0.866666667
2016-1143-1173,0.74
2016-1143-1181,0.52
2016-1143-1201,0.94
2016-1143-1211,0.706666667
2016-1143-1214,0.956666667
2016-1143-1218,0.823333333
2016-1143-1221,0.96
2016-1143-1233,0.903333333
2016-1143-1234,0.65
2016-1143-1235,0.536666667
2016-1143-1268,0.5
2016-1143-1277,0.226666667
2016-1143-1292,0.91
2016-1143-1320,0.866666667
2016-1143-1328,0.19
2016-1143-1332,0.206666667
2016-1143-1333,0.77
2016-1143-1345,0.26
2016-1143-1355,0.83
2016-1143-1371,0.596666667
2016-1143-1380,0.896666667
2016-1143-1386,0.67
2016-1143-1393,0.723333333
2016-1143-1396,0.766666667
2016-1143-1400,0.75
2016-1143-1401,0.383333333
2016-1143-1403,0.79
2016-1143-1421,0.85
2016-1143-1423,0.87
2016-1143-1428,0.24
2016-1143-1433,0.743333333
2016-1143-1435,0.666666667
2016-1143-1438,0.176666667
2016-1143-1453,0.926666667
2016-1143-1455,0.746666667
2016-1143-1463,0.763333333
2016-1151-1112,0.096666667
2016-1151-1114,0.306666667
2016-1151-1122,0.786666667
2016-1151-1124,0.173333333
2016-1151-1138,0.85
2016-1151-1139,0.433333333
2016-1151-1143,0.11
2016-1151-1153,0.346666667
2016-1151-1160,0.213333333
2016-1151-1163,0.233333333
2016-1151-1167,0.81
2016-1151-1173,0.2
2016-1151-1181,0.176666667
2016-1151-1192,0.67
2016-1151-1195,0.886666667
2016-1151-1201,0.703333333
2016-1151-1211,0.34
2016-1151-1214,0.906666667
2016-1151-1218,0.603333333
2016-1151-1221,0.86
2016-1151-1233,0.673333333
2016-1151-1234,0.093333333
2016-1151-1235,0.203333333
2016-1151-1242,0.126666667
2016-1151-1268,0.09
2016-1151-1274,0.1
2016-1151-1277,0.073333333
2016-1151-1292,0.66
2016-1151-1320,0.603333333
2016-1151-1328,0.07
2016-1151-1332,0.176666667
2016-1151-1333,0.3
2016-1151-1345,0.106666667
2016-1151-1355,0.37
2016-1151-1371,0.2
2016-1151-1372,0.53
2016-1151-1380,0.873333333
2016-1151-1386,0.38
2016-1151-1392,0.676666667
2016-1151-1393,0.49
2016-1151-1396,0.493333333
2016-1151-1400,0.083333333
2016-1151-1401,0.04
2016-1151-1403,0.173333333
2016-1151-1421,0.77
2016-1151-1423,0.483333333
2016-1151-1428,0.276666667
2016-1151-1433,0.22
2016-1151-1435,0.316666667
2016-1151-1437,0.13
2016-1151-1438,0.15
2016-1151-1451,0.74
2016-1151-1453,0.833333333
2016-1151-1455,0.32
2016-1151-1463,0.376666667
2016-1153-1167,0.853333333
2016-1153-1221,0.843333333
2016-1153-1320,0.566666667
2016-1153-1380,0.706666667
2016-1153-1423,0.686666667
2016-1153-1433,0.42
2016-1153-1453,0.83
2016-1153-1463,0.603333333
2016-1160-1114,0.476666667
2016-1160-1122,0.896666667
2016-1160-1124,0.103333333
2016-1160-1138,0.85
2016-1160-1139,0.66
2016-1160-1153,0.516666667
2016-1160-1163,0.466666667
2016-1160-1167,0.863333333
2016-1160-1173,0.223333333
2016-1160-1181,0.256666667
2016-1160-1201,0.903333333
2016-1160-1211,0.6
2016-1160-1214,0.976666667
2016-1160-1218,0.706666667
2016-1160-1221,0.923333333
2016-1160-1233,0.93
2016-1160-1235,0.226666667
2016-1160-1277,0.16
2016-1160-1292,0.96
2016-1160-1320,0.873333333
2016-1160-1328,0.08
2016-1160-1332,0.253333333
2016-1160-1333,0.586666667
2016-1160-1345,0.263333333
2016-1160-1355,0.47
2016-1160-1371,0.423333333
2016-1160-1380,0.833333333
2016-1160-1386,0.493333333
2016-1160-1393,0.753333333
2016-1160-1396,0.54
2016-1160-1400,0.236666667
2016-1160-1401,0.346666667
2016-1160-1403,0.433333333
2016-1160-1421,0.806666667
2016-1160-1423,0.783333333
2016-1160-1428,0.19
2016-1160-1433,0.593333333
2016-1160-1435,0.456666667
2016-1160-1438,0.07
2016-1160-1453,0.876666667
2016-1160-1455,0.506666667
2016-1160-1463,0.606666667
2016-1163-1114,0.73
2016-1163-1122,0.816666667
2016-1163-1124,0.193333333
2016-1163-1138,0.9
2016-1163-1139,0.62
2016-1163-1153,0.446666667
2016-1163-1167,0.906666667
2016-1163-1173,0.403333333
2016-1163-1181,0.206666667
2016-1163-1201,0.883333333
2016-1163-1211,0.513333333
2016-1163-1214,0.896666667
2016-1163-1218,0.87
2016-1163-1221,0.81
2016-1163-1233,0.81
2016-1163-1235,0.143333333
2016-1163-1277,0.11
2016-1163-1292,0.776666667
2016-1163-1320,0.72
2016-1163-1328,0.15
2016-1163-1332,0.213333333
2016-1163-1333,0.586666667
2016-1163-1345,0.173333333
2016-1163-1355,0.74
2016-1163-1371,0.216666667
2016-1163-1380,0.87
2016-1163-1386,0.44
2016-1163-1393,0.73
2016-1163-1396,0.743333333
2016-1163-1400,0.463333333
2016-1163-1401,0.236666667
2016-1163-1403,0.506666667
2016-1163-1421,0.733333333
2016-1163-1423,0.843333333
2016-1163-1428,0.226666667
2016-1163-1433,0.5
2016-1163-1435,0.53
2016-1163-1438,0.206666667
2016-1163-1453,0.79
2016-1163-1455,0.71
2016-1163-1463,0.793333333
2016-1167-1221,0.78
2016-1167-1380,0.783333333
2016-1173-1114,0.676666667
2016-1173-1124,0.36
2016-1173-1139,0.716666667
2016-1173-1153,0.563333333
2016-1173-1167,0.863333333
2016-1173-1181,0.363333333
2016-1173-1201,0.883333333
2016-1173-1211,0.603333333
2016-1173-1214,0.99
2016-1173-1221,0.963333333
2016-1173-1233,0.836666667
2016-1173-1292,0.826666667
2016-1173-1320,0.746666667
2016-1173-1328,0.163333333
2016-1173-1332,0.123333333
2016-1173-1333,0.683333333
2016-1173-1380,0.916666667
2016-1173-1386,0.57
2016-1173-1393,0.73
2016-1173-1400,0.453333333
2016-1173-1401,0.126666667
2016-1173-1403,0.803333333
2016-1173-1423,0.86
2016-1173-1433,0.763333333
2016-1173-1453,0.81
2016-1173-1463,0.78
2016-1181-1124,0.763333333
2016-1181-1153,0.736666667
2016-1181-1167,0.85
2016-1181-1221,0.976666667
2016-1181-1320,0.93
2016-1181-1333,0.823333333
2016-1181-1380,0.94
2016-1181-1386,0.756666667
2016-1181-1400,0.77
2016-1181-1423,0.87
2016-1181-1433,0.876666667
2016-1181-1453,0.946666667
2016-1181-1463,0.903333333
2016-1192-1112,0.053333333
2016-1192-1114,0.153333333
2016-1192-1122,0.3
2016-1192-1124,0.01
2016-1192-1138,0.146666667
2016-1192-1139,0.056666667
2016-1192-1143,0.013333333
2016-1192-1153,0.21
2016-1192-1160,0.093333333
2016-1192-1163,0.12
2016-1192-1167,0.306666667
2016-1192-1173,0.163333333
2016-1192-1181,0.006666667
2016-1192-1195,0.603333333
2016-1192-1201,0.263333333
2016-1192-1211,0.136666667
2016-1192-1214,0.25
2016-1192-1218,0.323333333
2016-1192-1221,0.666666667
2016-1192-1233,0.113333333
2016-1192-1234,0.07
2016-1192-1235,0.006666667
2016-1192-1242,0.023333333
2016-1192-1268,0.053333333
2016-1192-1274,0.013333333
2016-1192-1277,0.063333333
2016-1192-1292,0.156666667
2016-1192-1320,0.083333333
2016-1192-1328,0.08
2016-1192-1332,0.11
2016-1192-1333,0.043333333
2016-1192-1345,0.043333333
2016-1192-1355,0.106666667
2016-1192-1371,0.036666667
2016-1192-1380,0.403333333
2016-1192-1386,0.173333333
2016-1192-1393,0.116666667
2016-1192-1396,0.226666667
2016-1192-1400,0.076666667
2016-1192-1401,0.03
2016-1192-1403,0.116666667
2016-1192-1421,0.316666667
2016-1192-1423,0.106666667
2016-1192-1428,0.013333333
2016-1192-1433,0.1
2016-1192-1435,0.126666667
2016-1192-1437,0.036666667
2016-1192-1438,0.033333333
2016-1192-1453,0.163333333
2016-1192-1455,0.293333333
2016-1192-1463,0.173333333
2016-1195-1112,0.026666667
2016-1195-1114,0.056666667
2016-1195-1122,0.256666667
2016-1195-1124,0.196666667
2016-1195-1138,0.236666667
2016-1195-1139,0.136666667
2016-1195-1143,0.17
2016-1195-1153,0.193333333
2016-1195-1160,0.156666667
2016-1195-1163,0.093333333
2016-1195-1167,0.246666667
2016-1195-1173,0.213333333
2016-1195-1181,0.11
2016-1195-1201,0.163333333
2016-1195-1211,0.143333333
2016-1195-1214,0.4
2016-1195-1218,0.213333333
2016-1195-1221,0.81
2016-1195-1233,0.166666667
2016-1195-1234,0.02
2016-1195-1235,0.11
2016-1195-1242,0.066666667
2016-1195-1268,0.016666667
2016-1195-1274,0.063333333
2016-1195-1277,0.02
2016-1195-1292,0.263333333
2016-1195-1320,0.153333333
2016-1195-1328,0.086666667
2016-1195-1332,0.183333333
2016-1195-1333,0.043333333
2016-1195-1345,0.026666667
2016-1195-1355,0.203333333
2016-1195-1371,0.05
2016-1195-1380,0.333333333
2016-1195-1386,0.076666667
2016-1195-1393,0.12
2016-1195-1396,0.166666667
2016-1195-1400,0.143333333
2016-1195-1401,0.026666667
2016-1195-1403,0.166666667
2016-1195-1421,0.21
2016-1195-1423,0.16
2016-1195-1428,0.183333333
2016-1195-1433,0.126666667
2016-1195-1435,0.113333333
2016-1195-1437,0.09
2016-1195-1438,0.206666667
2016-1195-1453,0.246666667
2016-1195-1455,0.126666667
2016-1195-1463,0.113333333
2016-1201-1124,0.263333333
2016-1201-1153,0.136666667
2016-1201-1167,0.733333333
2016-1201-1181,0.066666667
2016-1201-1214,0.846666667
2016-1201-1221,0.816666667
2016-1201-1292,0.67
2016-1201-1320,0.396666667
2016-1201-1328,0.03
2016-1201-1332,0.183333333
2016-1201-1333,0.206666667
2016-1201-1380,0.85
2016-1201-1386,0.176666667
2016-1201-1400,0.033333333
2016-1201-1401,0.013333333
2016-1201-1423,0.18
2016-1201-1433,0.06
2016-1201-1453,0.763333333
2016-1201-1463,0.1
2016-1211-1114,0.546666667
2016-1211-1124,0.363333333
2016-1211-1153,0.51
2016-1211-1167,0.8
2016-1211-1181,0.29
2016-1211-1201,0.823333333
2016-1211-1214,0.853333333
2016-1211-1221,0.783333333
2016-1211-1233,0.713333333
2016-1211-1292,0.656666667
2016-1211-1320,0.686666667
2016-1211-1328,0.27
2016-1211-1332,0.36
2016-1211-1333,0.54
2016-1211-1380,0.853333333
2016-1211-1386,0.343333333
2016-1211-1400,0.433333333
2016-1211-1401,0.283333333
2016-1211-1423,0.663333333
2016-1211-1433,0.476666667
2016-1211-1453,0.77
2016-1211-1463,0.496666667
2016-1214-1124,0.206666667
2016-1214-1153,0.156666667
2016-1214-1167,0.166666667
2016-1214-1181,0.056666667
2016-1214-1221,0.686666667
2016-1214-1320,0.116666667
2016-1214-1328,0.02
2016-1214-1332,0.23
2016-1214-1333,0.11
2016-1214-1380,0.623333333
2016-1214-1386,0.056666667
2016-1214-1400,0.026666667
2016-1214-1401,0.013333333
2016-1214-1423,0.053333333
2016-1214-1433,0.103333333
2016-1214-1453,0.206666667
2016-1214-1463,0.116666667
2016-1218-1114,0.33
2016-1218-1122,0.69
2016-1218-1124,0.276666667
2016-1218-1138,0.596666667
2016-1218-1139,0.156666667
2016-1218-1153,0.303333333
2016-1218-1167,0.653333333
2016-1218-1173,0.26
2016-1218-1181,0.206666667
2016-1218-1201,0.51
2016-1218-1211,0.236666667
2016-1218-1214,0.846666667
2016-1218-1221,0.786666667
2016-1218-1233,0.376666667
2016-1218-1235,0.216666667
2016-1218-1277,0.183333333
2016-1218-1292,0.713333333
2016-1218-1320,0.446666667
2016-1218-1328,0.173333333
2016-1218-1332,0.263333333
2016-1218-1333,0.293333333
2016-1218-1345,0.173333333
2016-1218-1371,0.136666667
2016-1218-1380,0.8
2016-1218-1386,0.183333333
2016-1218-1393,0.226666667
2016-1218-1400,0.286666667
2016-1218-1401,0.176666667
2016-1218-1403,0.253333333
2016-1218-1421,0.766666667
2016-1218-1423,0.3
2016-1218-1428,0.306666667
2016-1218-1433,0.23
2016-1218-1438,0.266666667
2016-1218-1453,0.603333333
2016-1218-1463,0.246666667
2016-1221-1380,0.333333333
2016-1231-1112,0.72
2016-1231-1114,0.766666667
2016-1231-1122,0.99
2016-1231-1124,0.48
2016-1231-1138,0.963333333
2016-1231-1139,0.876666667
2016-1231-1143,0.49
2016-1231-1151,0.77
2016-1231-1153,0.776666667
2016-1231-1160,0.85
2016-1231-1163,0.77
2016-1231-1167,0.846666667
2016-1231-1173,0.66
2016-1231-1181,0.366666667
2016-1231-1192,0.973333333
2016-1231-1195,0.863333333
2016-1231-1201,0.933333333
2016-1231-1211,0.73
2016-1231-1214,0.96
2016-1231-1218,0.78
2016-1231-1221,0.98
2016-1231-1233,0.953333333
2016-1231-1234,0.643333333
2016-1231-1235,0.346666667
2016-1231-1242,0.126666667
2016-1231-1268,0.463333333
2016-1231-1274,0.19
2016-1231-1276,0.883333333
2016-1231-1277,0.173333333
2016-1231-1292,0.903333333
2016-1231-1320,0.893333333
2016-1231-1323,0.723333333
2016-1231-1328,0.106666667
2016-1231-1332,0.293333333
2016-1231-1333,0.83
2016-1231-1338,0.77
2016-1231-1344,0.86
2016-1231-1345,0.36
2016-1231-1355,0.83
2016-1231-1371,0.63
2016-1231-1372,0.916666667
2016-1231-1380,0.936666667
2016-1231-1386,0.63
2016-1231-1392,0.896666667
2016-1231-1393,0.833333333
2016-1231-1396,0.836666667
2016-1231-1400,0.76
2016-1231-1401,0.463333333
2016-1231-1403,0.683333333
2016-1231-1409,0.82
2016-1231-1421,0.82
2016-1231-1423,0.883333333
2016-1231-1425,0.793333333
2016-1231-1428,0.356666667
2016-1231-1433,0.82
2016-1231-1435,0.75
2016-1231-1437,0.223333333
2016-1231-1438,0.136666667
2016-1231-1451,0.893333333
2016-1231-1453,0.966666667
2016-1231-1455,0.75
2016-1231-1458,0.783333333
2016-1231-1463,0.88
2016-1233-1124,0.09
2016-1233-1153,0.18
2016-1233-1167,0.823333333
2016-1233-1181,0.043333333
2016-1233-1201,0.503333333
2016-1233-1214,0.866666667
2016-1233-1221,0.816666667
2016-1233-1292,0.626666667
2016-1233-1320,0.376666667
2016-1233-1328,0.006666667
2016-1233-1332,0.09
2016-1233-1333,0.316666667
2016-1233-1380,0.786666667
2016-1233-1386,0.43
2016-1233-1400,0.12
2016-1233-1401,0.1
2016-1233-1423,0.213333333
2016-1233-1433,0.25
2016-1233-1453,0.846666667
2016-1233-1463,0.306666667
2016-1234-1114,0.703333333
2016-1234-1122,0.933333333
2016-1234-1124,0.366666667
2016-1234-1138,0.903333333
2016-1234-1139,0.786666667
2016-1234-1153,0.69
2016-1234-1160,0.78
2016-1234-1163,0.836666667
2016-1234-1167,0.936666667
2016-1234-1173,0.583333333
2016-1234-1181,0.323333333
2016-1234-1201,0.92
2016-1234-1211,0.666666667
2016-1234-1214,0.966666667
2016-1234-1218,0.73
2016-1234-1221,0.953333333
2016-1234-1233,0.796666667
2016-1234-1235,0.243333333
2016-1234-1277,0.176666667
2016-1234-1292,0.883333333
2016-1234-1320,0.77
2016-1234-1328,0.143333333
2016-1234-1332,0.313333333
2016-1234-1333,0.913333333
2016-1234-1345,0.226666667
2016-1234-1355,0.83
2016-1234-1371,0.403333333
2016-1234-1380,0.953333333
2016-1234-1386,0.536666667
2016-1234-1393,0.893333333
2016-1234-1396,0.77
2016-1234-1400,0.456666667
2016-1234-1401,0.23
2016-1234-1403,0.67
2016-1234-1421,0.923333333
2016-1234-1423,0.9
2016-1234-1428,0.336666667
2016-1234-1433,0.87
2016-1234-1435,0.69
2016-1234-1438,0.203333333
2016-1234-1453,0.89
2016-1234-1455,0.783333333
2016-1234-1463,0.826666667
2016-1235-1114,0.746666667
2016-1235-1124,0.6
2016-1235-1139,0.913333333
2016-1235-1153,0.78
2016-1235-1167,0.833333333
2016-1235-1173,0.583333333
2016-1235-1181,0.513333333
2016-1235-1201,0.873333333
2016-1235-1211,0.716666667
2016-1235-1214,0.97
2016-1235-1221,0.983333333
2016-1235-1233,0.936666667
2016-1235-1292,0.856666667
2016-1235-1320,0.906666667
2016-1235-1328,0.18
2016-1235-1332,0.416666667
2016-1235-1333,0.85
2016-1235-1345,0.386666667
2016-1235-1371,0.67
2016-1235-1380,0.943333333
2016-1235-1386,0.75
2016-1235-1393,0.876666667
2016-1235-1400,0.806666667
2016-1235-1401,0.393333333
2016-1235-1403,0.87
2016-1235-1423,0.9
2016-1235-1433,0.903333333
2016-1235-1453,0.976666667
2016-1235-1463,0.93
2016-1242-1112,0.956666667
2016-1242-1114,0.933333333
2016-1242-1122,0.97
2016-1242-1124,0.736666667
2016-1242-1138,0.98
2016-1242-1139,0.94
2016-1242-1143,0.8
2016-1242-1153,0.826666667
2016-1242-1160,0.956666667
2016-1242-1163,0.85
2016-1242-1167,0.863333333
2016-1242-1173,0.886666667
2016-1242-1181,0.903333333
2016-1242-1201,0.953333333
2016-1242-1211,0.953333333
2016-1242-1214,0.983333333
2016-1242-1218,0.873333333
2016-1242-1221,0.96
2016-1242-1233,0.996666667
2016-1242-1234,0.906666667
2016-1242-1235,0.85
2016-1242-1268,0.873333333
2016-1242-1274,0.88
2016-1242-1277,0.71
2016-1242-1292,0.996666667
2016-1242-1320,0.953333333
2016-1242-1328,0.873333333
2016-1242-1332,0.68
2016-1242-1333,0.86
2016-1242-1345,0.866666667
2016-1242-1355,0.97
2016-1242-1371,0.926666667
2016-1242-1380,0.983333333
2016-1242-1386,0.913333333
2016-1242-1393,0.923333333
2016-1242-1396,0.986666667
2016-1242-1400,0.843333333
2016-1242-1401,0.77
2016-1242-1403,0.916666667
2016-1242-1421,0.863333333
2016-1242-1423,0.986666667
2016-1242-1428,0.84
2016-1242-1433,0.933333333
2016-1242-1435,0.763333333
2016-1242-1437,0.67
2016-1242-1438,0.703333333
2016-1242-1453,0.973333333
2016-1242-1455,0.95
2016-1242-1463,0.96
2016-1246-1112,0.773333333
2016-1246-1114,0.803333333
2016-1246-1122,0.92
2016-1246-1124,0.616666667
2016-1246-1138,0.916666667
2016-1246-1139,0.813333333
2016-1246-1143,0.773333333
2016-1246-1151,0.843333333
2016-1246-1153,0.863333333
2016-1246-1160,0.823333333
2016-1246-1163,0.84
2016-1246-1167,0.936666667
2016-1246-1173,0.873333333
2016-1246-1181,0.703333333
2016-1246-1192,0.91
2016-1246-1195,0.96
2016-1246-1201,0.923333333
2016-1246-1211,0.763333333
2016-1246-1214,0.963333333
2016-1246-1218,0.813333333
2016-1246-1221,0.933333333
2016-1246-1231,0.64
2016-1246-1233,0.963333333
2016-1246-1234,0.76
2016-1246-1235,0.673333333
2016-1246-1242,0.353333333
2016-1246-1268,0.81
2016-1246-1274,0.476666667
2016-1246-1276,0.753333333
2016-1246-1277,0.283333333
2016-1246-1292,0.876666667
2016-1246-1320,0.673333333
2016-1246-1323,0.863333333
2016-1246-1328,0.383333333
2016-1246-1332,0.39
2016-1246-1333,0.723333333
2016-1246-1338,0.83
2016-1246-1344,0.793333333
2016-1246-1345,0.83
2016-1246-1355,0.806666667
2016-1246-1371,0.923333333
2016-1246-1372,0.783333333
2016-1246-1380,0.943333333
2016-1246-1386,0.813333333
2016-1246-1392,0.88
2016-1246-1393,0.816666667
2016-1246-1396,0.756666667
2016-1246-1400,0.75
2016-1246-1401,0.716666667
2016-1246-1403,0.866666667
2016-1246-1409,0.8
2016-1246-1421,0.73
2016-1246-1423,0.973333333
2016-1246-1425,0.85
2016-1246-1428,0.616666667
2016-1246-1433,0.773333333
2016-1246-1435,0.803333333
2016-1246-1437,0.443333333
2016-1246-1438,0.46
2016-1246-1451,0.786666667
2016-1246-1453,0.96
2016-1246-1455,0.8
2016-1246-1458,0.746666667
2016-1246-1463,0.893333333
2016-1268-1112,0.76
2016-1268-1114,0.776666667
2016-1268-1122,0.893333333
2016-1268-1124,0.68
2016-1268-1138,0.94
2016-1268-1139,0.763333333
2016-1268-1153,0.72
2016-1268-1160,0.796666667
2016-1268-1163,0.826666667
2016-1268-1167,0.926666667
2016-1268-1173,0.836666667
2016-1268-1181,0.51
2016-1268-1201,0.976666667
2016-1268-1211,0.753333333
2016-1268-1214,0.926666667
2016-1268-1218,0.923333333
2016-1268-1221,0.9
2016-1268-1233,0.933333333
2016-1268-1234,0.783333333
2016-1268-1235,0.513333333
2016-1268-1277,0.223333333
2016-1268-1292,0.93
2016-1268-1320,0.77
2016-1268-1328,0.15
2016-1268-1332,0.276666667
2016-1268-1333,0.89
2016-1268-1345,0.43
2016-1268-1355,0.836666667
2016-1268-1371,0.803333333
2016-1268-1380,0.94
2016-1268-1386,0.89
2016-1268-1393,0.953333333
2016-1268-1396,0.803333333
2016-1268-1400,0.613333333
2016-1268-1401,0.456666667
2016-1268-1403,0.783333333
2016-1268-1421,0.773333333
2016-1268-1423,0.883333333
2016-1268-1428,0.47
2016-1268-1433,0.8
2016-1268-1435,0.76
2016-1268-1438,0.3
2016-1268-1453,0.95
2016-1268-1455,0.806666667
2016-1268-1463,0.873333333
2016-1274-1112,0.726666667
2016-1274-1114,0.733333333
2016-1274-1122,0.97
2016-1274-1124,0.63
2016-1274-1138,0.97
2016-1274-1139,0.9
2016-1274-1143,0.813333333
2016-1274-1153,0.816666667
2016-1274-1160,0.82
2016-1274-1163,0.773333333
2016-1274-1167,0.863333333
2016-1274-1173,0.833333333
2016-1274-1181,0.893333333
2016-1274-1201,0.95
2016-1274-1211,0.85
2016-1274-1214,0.966666667
2016-1274-1218,0.82
2016-1274-1221,0.98
2016-1274-1233,0.966666667
2016-1274-1234,0.67
2016-1274-1235,0.88
2016-1274-1268,0.59
2016-1274-1277,0.31
2016-1274-1292,0.923333333
2016-1274-1320,0.923333333
2016-1274-1328,0.23
2016-1274-1332,0.573333333
2016-1274-1333,0.926666667
2016-1274-1345,0.756666667
2016-1274-1355,0.94
2016-1274-1371,0.836666667
2016-1274-1380,0.943333333
2016-1274-1386,0.913333333
2016-1274-1393,0.78
2016-1274-1396,0.94
2016-1274-1400,0.783333333
2016-1274-1401,0.71
2016-1274-1403,0.866666667
2016-1274-1421,0.806666667
2016-1274-1423,0.963333333
2016-1274-1428,0.68
2016-1274-1433,0.936666667
2016-1274-1435,0.72
2016-1274-1438,0.19
2016-1274-1453,0.986666667
2016-1274-1455,0.883333333
2016-1274-1463,0.9
2016-1276-1112,0.216666667
2016-1276-1114,0.303333333
2016-1276-1122,0.86
2016-1276-1124,0.2
2016-1276-1138,0.74
2016-1276-1139,0.316666667
2016-1276-1143,0.32
2016-1276-1151,0.543333333
2016-1276-1153,0.293333333
2016-1276-1160,0.28
2016-1276-1163,0.336666667
2016-1276-1167,0.82
2016-1276-1173,0.266666667
2016-1276-1181,0.116666667
2016-1276-1192,0.91
2016-1276-1195,0.72
2016-1276-1201,0.663333333
2016-1276-1211,0.466666667
2016-1276-1214,0.81
2016-1276-1218,0.676666667
2016-1276-1221,0.876666667
2016-1276-1233,0.696666667
2016-1276-1234,0.143333333
2016-1276-1235,0.096666667
2016-1276-1242,0.026666667
2016-1276-1268,0.25
2016-1276-1274,0.043333333
2016-1276-1277,0.056666667
2016-1276-1292,0.793333333
2016-1276-1320,0.793333333
2016-1276-1328,0.116666667
2016-1276-1332,0.213333333
2016-1276-1333,0.393333333
2016-1276-1345,0.223333333
2016-1276-1355,0.253333333
2016-1276-1371,0.323333333
2016-1276-1372,0.643333333
2016-1276-1380,0.823333333
2016-1276-1386,0.42
2016-1276-1392,0.553333333
2016-1276-1393,0.826666667
2016-1276-1396,0.7
2016-1276-1400,0.24
2016-1276-1401,0.25
2016-1276-1403,0.316666667
2016-1276-1409,0.603333333
2016-1276-1421,0.83
2016-1276-1423,0.446666667
2016-1276-1428,0.183333333
2016-1276-1433,0.29
2016-1276-1435,0.39
2016-1276-1437,0.073333333
2016-1276-1438,0.016666667
2016-1276-1451,0.873333333
2016-1276-1453,0.7
2016-1276-1455,0.406666667
2016-1276-1463,0.37
2016-1277-1114,0.97
2016-1277-1124,0.756666667
2016-1277-1139,0.87
2016-1277-1153,0.746666667
2016-1277-1167,0.92
2016-1277-1173,0.746666667
2016-1277-1181,0.743333333
2016-1277-1201,0.946666667
2016-1277-1211,0.853333333
2016-1277-1214,0.97
2016-1277-1221,0.96
2016-1277-1233,0.976666667
2016-1277-1235,0.77
2016-1277-1292,0.946666667
2016-1277-1320,0.886666667
2016-1277-1328,0.46
2016-1277-1332,0.406666667
2016-1277-1333,0.826666667
2016-1277-1345,0.75
2016-1277-1371,0.836666667
2016-1277-1380,0.963333333
2016-1277-1386,0.88
2016-1277-1393,0.89
2016-1277-1400,0.756666667
2016-1277-1401,0.71
2016-1277-1403,0.83
2016-1277-1423,0.98
2016-1277-1428,0.646666667
2016-1277-1433,0.83
2016-1277-1453,0.97
2016-1277-1463,0.913333333
2016-1292-1124,0.193333333
2016-1292-1153,0.203333333
2016-1292-1167,0.566666667
2016-1292-1181,0.183333333
2016-1292-1214,0.853333333
2016-1292-1221,0.86
2016-1292-1320,0.3
2016-1292-1328,0.006666667
2016-1292-1332,0.24
2016-1292-1333,0.14
2016-1292-1380,0.78
2016-1292-1386,0.34
2016-1292-1400,0.066666667
2016-1292-1401,0.05
2016-1292-1423,0.216666667
2016-1292-1433,0.206666667
2016-1292-1453,0.793333333
2016-1292-1463,0.176666667
2016-1314-1112,0.696666667
2016-1314-1114,0.816666667
2016-1314-1122,0.933333333
2016-1314-1124,0.786666667
2016-1314-1138,0.936666667
2016-1314-1139,0.813333333
2016-1314-1143,0.723333333
2016-1314-1151,0.816666667
2016-1314-1153,0.703333333
2016-1314-1160,0.873333333
2016-1314-1163,0.766666667
2016-1314-1167,0.643333333
2016-1314-1173,0.786666667
2016-1314-1181,0.796666667
2016-1314-1192,0.906666667
2016-1314-1195,0.79
2016-1314-1201,0.866666667
2016-1314-1211,0.803333333
2016-1314-1214,0.97
2016-1314-1218,0.756666667
2016-1314-1221,0.953333333
2016-1314-1231,0.813333333
2016-1314-1233,0.933333333
2016-1314-1234,0.753333333
2016-1314-1235,0.806666667
2016-1314-1242,0.3
2016-1314-1246,0.623333333
2016-1314-1268,0.61
2016-1314-1274,0.796666667
2016-1314-1276,0.81
2016-1314-1277,0.583333333
2016-1314-1292,0.9
2016-1314-1320,0.753333333
2016-1314-1323,0.786666667
2016-1314-1328,0.523333333
2016-1314-1332,0.36
2016-1314-1333,0.72
2016-1314-1338,0.896666667
2016-1314-1344,0.77
2016-1314-1345,0.63
2016-1314-1355,0.826666667
2016-1314-1371,0.786666667
2016-1314-1372,0.826666667
2016-1314-1380,0.8
2016-1314-1386,0.79
2016-1314-1392,0.89
2016-1314-1393,0.726666667
2016-1314-1396,0.783333333
2016-1314-1400,0.893333333
2016-1314-1401,0.603333333
2016-1314-1403,0.84
2016-1314-1409,0.973333333
2016-1314-1421,0.813333333
2016-1314-1423,0.95
2016-1314-1425,0.733333333
2016-1314-1428,0.88
2016-1314-1433,0.846666667
2016-1314-1435,0.72
2016-1314-1437,0.443333333
2016-1314-1438,0.37
2016-1314-1451,0.923333333
2016-1314-1452,0.713333333
2016-1314-1453,0.926666667
2016-1314-1455,0.8
2016-1314-1458,0.823333333
2016-1314-1462,0.62
2016-1314-1463,0.766666667
2016-1320-1167,0.676666667
2016-1320-1221,0.896666667
2016-1320-1380,0.883333333
2016-1320-1423,0.423333333
2016-1320-1453,0.743333333
2016-1320-1463,0.243333333
2016-1323-1112,0.393333333
2016-1323-1114,0.713333333
2016-1323-1122,0.96
2016-1323-1124,0.183333333
2016-1323-1138,0.83
2016-1323-1139,0.573333333
2016-1323-1143,0.23
2016-1323-1151,0.726666667
2016-1323-1153,0.653333333
2016-1323-1160,0.536666667
2016-1323-1163,0.656666667
2016-1323-1167,0.773333333
2016-1323-1173,0.31
2016-1323-1181,0.216666667
2016-1323-1192,0.956666667
2016-1323-1195,0.826666667
2016-1323-1201,0.776666667
2016-1323-1211,0.666666667
2016-1323-1214,0.833333333
2016-1323-1218,0.786666667
2016-1323-1221,0.916666667
2016-1323-1233,0.86
2016-1323-1234,0.356666667
2016-1323-1235,0.203333333
2016-1323-1242,0.136666667
2016-1323-1268,0.396666667
2016-1323-1274,0.266666667
2016-1323-1276,0.666666667
2016-1323-1277,0.16
2016-1323-1292,0.67
2016-1323-1320,0.726666667
2016-1323-1328,0.16
2016-1323-1332,0.186666667
2016-1323-1333,0.653333333
2016-1323-1338,0.74
2016-1323-1344,0.773333333
2016-1323-1345,0.18
2016-1323-1355,0.49
2016-1323-1371,0.383333333
2016-1323-1372,0.743333333
2016-1323-1380,0.81
2016-1323-1386,0.56
2016-1323-1392,0.726666667
2016-1323-1393,0.796666667
2016-1323-1396,0.833333333
2016-1323-1400,0.33
2016-1323-1401,0.296666667
2016-1323-1403,0.66
2016-1323-1409,0.89
2016-1323-1421,0.746666667
2016-1323-1423,0.806666667
2016-1323-1425,0.663333333
2016-1323-1428,0.103333333
2016-1323-1433,0.663333333
2016-1323-1435,0.63
2016-1323-1437,0.3
2016-1323-1438,0.13
2016-1323-1451,0.88
2016-1323-1453,0.91
2016-1323-1455,0.71
2016-1323-1458,0.783333333
2016-1323-1463,0.73
2016-1328-1124,0.853333333
2016-1328-1153,0.856666667
2016-1328-1167,0.876666667
2016-1328-1181,0.83
2016-1328-1221,0.946666667
2016-1328-1320,0.926666667
2016-1328-1333,0.903333333
2016-1328-1380,0.99
2016-1328-1386,0.866666667
2016-1328-1400,0.926666667
2016-1328-1401,0.746666667
2016-1328-1423,0.976666667
2016-1328-1433,0.91
2016-1328-1453,0.986666667
2016-1328-1463,0.933333333
2016-1332-1124,0.786666667
2016-1332-1153,0.86
2016-1332-1167,0.81
2016-1332-1181,0.7
2016-1332-1221,0.88
2016-1332-1320,0.606666667
2016-1332-1328,0.706666667
2016-1332-1333,0.666666667
2016-1332-1380,0.816666667
2016-1332-1386,0.766666667
2016-1332-1400,0.886666667
2016-1332-1401,0.753333333
2016-1332-1423,0.936666667
2016-1332-1433,0.74
2016-1332-1453,0.983333333
2016-1332-1463,0.75
2016-1333-1153,0.676666667
2016-1333-1167,0.803333333
2016-1333-1221,0.956666667
2016-1333-1320,0.79
2016-1333-1380,0.973333333
2016-1333-1386,0.426666667
2016-1333-1423,0.73
2016-1333-1433,0.466666667
2016-1333-1453,0.88
2016-1333-1463,0.63
2016-1338-1112,0.123333333
2016-1338-1114,0.366666667
2016-1338-1122,0.89
2016-1338-1124,0.113333333
2016-1338-1138,0.863333333
2016-1338-1139,0.383333333
2016-1338-1143,0.146666667
2016-1338-1151,0.51
2016-1338-1153,0.34
2016-1338-1160,0.306666667
2016-1338-1163,0.313333333
2016-1338-1167,0.77
2016-1338-1173,0.166666667
2016-1338-1181,0.176666667
2016-1338-1192,0.843333333
2016-1338-1195,0.813333333
2016-1338-1201,0.8
2016-1338-1211,0.39
2016-1338-1214,0.846666667
2016-1338-1218,0.763333333
2016-1338-1221,0.906666667
2016-1338-1233,0.706666667
2016-1338-1234,0.23
2016-1338-1235,0.15
2016-1338-1242,0.033333333
2016-1338-1268,0.12
2016-1338-1274,0.053333333
2016-1338-1276,0.646666667
2016-1338-1277,0.096666667
2016-1338-1292,0.65
2016-1338-1320,0.666666667
2016-1338-1328,0.086666667
2016-1338-1332,0.166666667
2016-1338-1333,0.44
2016-1338-1345,0.18
2016-1338-1355,0.406666667
2016-1338-1371,0.203333333
2016-1338-1372,0.733333333
2016-1338-1380,0.806666667
2016-1338-1386,0.386666667
2016-1338-1392,0.66
2016-1338-1393,0.693333333
2016-1338-1396,0.753333333
2016-1338-1400,0.093333333
2016-1338-1401,0.086666667
2016-1338-1403,0.196666667
2016-1338-1409,0.796666667
2016-1338-1421,0.806666667
2016-1338-1423,0.553333333
2016-1338-1428,0.143333333
2016-1338-1433,0.356666667
2016-1338-1435,0.413333333
2016-1338-1437,0.066666667
2016-1338-1438,0.03
2016-1338-1451,0.816666667
2016-1338-1453,0.92
2016-1338-1455,0.42
2016-1338-1463,0.4
2016-1344-1112,0.16
2016-1344-1114,0.476666667
2016-1344-1122,0.73
2016-1344-1124,0.176666667
2016-1344-1138,0.823333333
2016-1344-1139,0.556666667
2016-1344-1143,0.173333333
2016-1344-1151,0.76
2016-1344-1153,0.403333333
2016-1344-1160,0.393333333
2016-1344-1163,0.343333333
2016-1344-1167,0.73
2016-1344-1173,0.19
2016-1344-1181,0.21
2016-1344-1192,0.743333333
2016-1344-1195,0.863333333
2016-1344-1201,0.796666667
2016-1344-1211,0.406666667
2016-1344-1214,0.88
2016-1344-1218,0.74
2016-1344-1221,0.836666667
2016-1344-1233,0.606666667
2016-1344-1234,0.153333333
2016-1344-1235,0.146666667
2016-1344-1242,0.09
2016-1344-1268,0.22
2016-1344-1274,0.073333333
2016-1344-1276,0.663333333
2016-1344-1277,0.116666667
2016-1344-1292,0.736666667
2016-1344-1320,0.763333333
2016-1344-1328,0.12
2016-1344-1332,0.313333333
2016-1344-1333,0.4
2016-1344-1338,0.466666667
2016-1344-1345,0.12
2016-1344-1355,0.54
2016-1344-1371,0.143333333
2016-1344-1372,0.7
2016-1344-1380,0.843333333
2016-1344-1386,0.186666667
2016-1344-1392,0.693333333
2016-1344-1393,0.63
2016-1344-1396,0.73
2016-1344-1400,0.123333333
2016-1344-1401,0.08
2016-1344-1403,0.35
2016-1344-1409,0.633333333
2016-1344-1421,0.833333333
2016-1344-1423,0.54
2016-1344-1428,0.166666667
2016-1344-1433,0.423333333
2016-1344-1435,0.353333333
2016-1344-1437,0.07
2016-1344-1438,0.056666667
2016-1344-1451,0.796666667
2016-1344-1453,0.666666667
2016-1344-1455,0.443333333
2016-1344-1463,0.493333333
2016-1345-1114,0.903333333
2016-1345-1124,0.613333333
2016-1345-1139,0.773333333
2016-1345-1153,0.79
2016-1345-1167,0.933333333
2016-1345-1173,0.796666667
2016-1345-1181,0.633333333
2016-1345-1201,0.943333333
2016-1345-1211,0.83
2016-1345-1214,0.98
2016-1345-1221,0.98
2016-1345-1233,0.9
2016-1345-1292,0.93
2016-1345-1320,0.84
2016-1345-1328,0.206666667
2016-1345-1332,0.323333333
2016-1345-1333,0.853333333
2016-1345-1371,0.89
2016-1345-1380,0.97
2016-1345-1386,0.863333333
2016-1345-1393,0.87
2016-1345-1400,0.746666667
2016-1345-1401,0.606666667
2016-1345-1403,0.866666667
2016-1345-1423,0.983333333
2016-1345-1433,0.843333333
2016-1345-1453,0.95
2016-1345-1463,0.896666667
2016-1355-1114,0.516666667
2016-1355-1122,0.766666667
2016-1355-1124,0.286666667
2016-1355-1138,0.843333333
2016-1355-1139,0.606666667
2016-1355-1153,0.553333333
2016-1355-1167,0.816666667
2016-1355-1173,0.346666667
2016-1355-1181,0.156666667
2016-1355-1201,0.666666667
2016-1355-1211,0.38
2016-1355-1214,0.826666667
2016-1355-1218,0.753333333
2016-1355-1221,0.826666667
2016-1355-1233,0.72
2016-1355-1235,0.1
2016-1355-1277,0.093333333
2016-1355-1292,0.636666667
2016-1355-1320,0.663333333
2016-1355-1328,0.093333333
2016-1355-1332,0.236666667
2016-1355-1333,0.426666667
2016-1355-1345,0.123333333
2016-1355-1371,0.196666667
2016-1355-1380,0.813333333
2016-1355-1386,0.343333333
2016-1355-1393,0.506666667
2016-1355-1400,0.286666667
2016-1355-1401,0.123333333
2016-1355-1403,0.433333333
2016-1355-1421,0.7
2016-1355-1423,0.6
2016-1355-1428,0.19
2016-1355-1433,0.386666667
2016-1355-1438,0.053333333
2016-1355-1453,0.726666667
2016-1355-1463,0.58
2016-1371-1114,0.786666667
2016-1371-1124,0.346666667
2016-1371-1139,0.763333333
2016-1371-1153,0.593333333
2016-1371-1167,0.936666667
2016-1371-1173,0.6
2016-1371-1181,0.33
2016-1371-1201,0.966666667
2016-1371-1211,0.646666667
2016-1371-1214,0.99
2016-1371-1221,0.946666667
2016-1371-1233,0.756666667
2016-1371-1292,0.913333333
2016-1371-1320,0.853333333
2016-1371-1328,0.18
2016-1371-1332,0.21
2016-1371-1333,0.756666667
2016-1371-1380,0.956666667
2016-1371-1386,0.786666667
2016-1371-1393,0.893333333
2016-1371-1400,0.633333333
2016-1371-1401,0.253333333
2016-1371-1403,0.873333333
2016-1371-1423,0.856666667
2016-1371-1433,0.846666667
2016-1371-1453,0.833333333
2016-1371-1463,0.806666667
2016-1372-1112,0.243333333
2016-1372-1114,0.373333333
2016-1372-1122,0.92
2016-1372-1124,0.263333333
2016-1372-1138,0.84
2016-1372-1139,0.356666667
2016-1372-1143,0.176666667
2016-1372-1153,0.453333333
2016-1372-1160,0.316666667
2016-1372-1163,0.273333333
2016-1372-1167,0.73
2016-1372-1173,0.4
2016-1372-1181,0.12
2016-1372-1192,0.85
2016-1372-1195,0.79
2016-1372-1201,0.73
2016-1372-1211,0.336666667
2016-1372-1214,0.856666667
2016-1372-1218,0.62
2016-1372-1221,0.903333333
2016-1372-1233,0.723333333
2016-1372-1234,0.27
2016-1372-1235,0.15
2016-1372-1242,0.04
2016-1372-1268,0.26
2016-1372-1274,0.136666667
2016-1372-1277,0.12
2016-1372-1292,0.883333333
2016-1372-1320,0.79
2016-1372-1328,0.03
2016-1372-1332,0.363333333
2016-1372-1333,0.39
2016-1372-1345,0.07
2016-1372-1355,0.443333333
2016-1372-1371,0.18
2016-1372-1380,0.843333333
2016-1372-1386,0.316666667
2016-1372-1393,0.52
2016-1372-1396,0.696666667
2016-1372-1400,0.333333333
2016-1372-1401,0.146666667
2016-1372-1403,0.296666667
2016-1372-1421,0.793333333
2016-1372-1423,0.496666667
2016-1372-1428,0.353333333
2016-1372-1433,0.27
2016-1372-1435,0.336666667
2016-1372-1437,0.09
2016-1372-1438,0.03
2016-1372-1451,0.823333333
2016-1372-1453,0.83
2016-1372-1455,0.243333333
2016-1372-1463,0.426666667
2016-1386-1153,0.476666667
2016-1386-1167,0.733333333
2016-1386-1221,0.88
2016-1386-1320,0.766666667
2016-1386-1380,0.89
2016-1386-1423,0.64
2016-1386-1433,0.61
2016-1386-1453,0.663333333
2016-1386-1463,0.63
2016-1392-1112,0.13
2016-1392-1114,0.306666667
2016-1392-1122,0.82
2016-1392-1124,0.143333333
2016-1392-1138,0.816666667
2016-1392-1139,0.166666667
2016-1392-1143,0.036666667
2016-1392-1153,0.17
2016-1392-1160,0.16
2016-1392-1163,0.103333333
2016-1392-1167,0.886666667
2016-1392-1173,0.103333333
2016-1392-1181,0.136666667
2016-1392-1192,0.773333333
2016-1392-1195,0.863333333
2016-1392-1201,0.696666667
2016-1392-1211,0.32
2016-1392-1214,0.9
2016-1392-1218,0.576666667
2016-1392-1221,0.84
2016-1392-1233,0.743333333
2016-1392-1234,0.16
2016-1392-1235,0.123333333
2016-1392-1242,0.02
2016-1392-1268,0.093333333
2016-1392-1274,0.11
2016-1392-1277,0.053333333
2016-1392-1292,0.67
2016-1392-1320,0.513333333
2016-1392-1328,0.03
2016-1392-1332,0.116666667
2016-1392-1333,0.233333333
2016-1392-1345,0.053333333
2016-1392-1355,0.363333333
2016-1392-1371,0.23
2016-1392-1372,0.486666667
2016-1392-1380,0.883333333
2016-1392-1386,0.366666667
2016-1392-1393,0.346666667
2016-1392-1396,0.563333333
2016-1392-1400,0.173333333
2016-1392-1401,0.043333333
2016-1392-1403,0.256666667
2016-1392-1421,0.653333333
2016-1392-1423,0.363333333
2016-1392-1428,0.083333333
2016-1392-1433,0.156666667
2016-1392-1435,0.173333333
2016-1392-1437,0.103333333
2016-1392-1438,0.076666667
2016-1392-1451,0.773333333
2016-1392-1453,0.776666667
2016-1392-1455,0.216666667
2016-1392-1463,0.163333333
2016-1393-1114,0.326666667
2016-1393-1124,0.186666667
2016-1393-1153,0.33
2016-1393-1167,0.8
2016-1393-1181,0.133333333
2016-1393-1201,0.75
2016-1393-1211,0.423333333
2016-1393-1214,0.866666667
2016-1393-1221,0.866666667
2016-1393-1233,0.586666667
2016-1393-1292,0.653333333
2016-1393-1320,0.53
2016-1393-1328,0.156666667
2016-1393-1332,0.303333333
2016-1393-1333,0.413333333
2016-1393-1380,0.85
2016-1393-1386,0.316666667
2016-1393-1400,0.363333333
2016-1393-1401,0.093333333
2016-1393-1423,0.48
2016-1393-1433,0.29
2016-1393-1453,0.79
2016-1393-1463,0.226666667
2016-1396-1114,0.246666667
2016-1396-1122,0.753333333
2016-1396-1124,0.21
2016-1396-1138,0.85
2016-1396-1139,0.166666667
2016-1396-1153,0.343333333
2016-1396-1167,0.76
2016-1396-1173,0.256666667
2016-1396-1181,0.066666667
2016-1396-1201,0.676666667
2016-1396-1211,0.293333333
2016-1396-1214,0.893333333
2016-1396-1218,0.613333333
2016-1396-1221,0.806666667
2016-1396-1233,0.436666667
2016-1396-1235,0.096666667
2016-1396-1277,0.123333333
2016-1396-1292,0.66
2016-1396-1320,0.583333333
2016-1396-1328,0.1
2016-1396-1332,0.366666667
2016-1396-1333,0.246666667
2016-1396-1345,0.036666667
2016-1396-1355,0.393333333
2016-1396-1371,0.07
2016-1396-1380,0.876666667
2016-1396-1386,0.233333333
2016-1396-1393,0.423333333
2016-1396-1400,0.113333333
2016-1396-1401,0.033333333
2016-1396-1403,0.273333333
2016-1396-1421,0.806666667
2016-1396-1423,0.353333333
2016-1396-1428,0.136666667
2016-1396-1433,0.22
2016-1396-1435,0.25
2016-1396-1438,0.143333333
2016-1396-1453,0.71
2016-1396-1455,0.29
2016-1396-1463,0.183333333
2016-1400-1153,0.666666667
2016-1400-1167,0.91
2016-1400-1221,0.973333333
2016-1400-1320,0.79
2016-1400-1333,0.683333333
2016-1400-1380,0.976666667
2016-1400-1386,0.536666667
2016-1400-1423,0.906666667
2016-1400-1433,0.75
2016-1400-1453,0.94
2016-1400-1463,0.67
2016-1401-1124,0.53
2016-1401-1153,0.75
2016-1401-1167,0.92
2016-1401-1181,0.576666667
2016-1401-1221,0.986666667
2016-1401-1320,0.913333333
2016-1401-1333,0.836666667
2016-1401-1380,0.996666667
2016-1401-1386,0.91
2016-1401-1400,0.806666667
2016-1401-1423,0.966666667
2016-1401-1433,0.913333333
2016-1401-1453,0.993333333
2016-1401-1463,0.78
2016-1403-1114,0.583333333
2016-1403-1124,0.153333333
2016-1403-1139,0.59
2016-1403-1153,0.73
2016-1403-1167,0.89
2016-1403-1181,0.246666667
2016-1403-1201,0.886666667
2016-1403-1211,0.5
2016-1403-1214,0.933333333
2016-1403-1221,0.946666667
2016-1403-1233,0.76
2016-1403-1292,0.696666667
2016-1403-1320,0.796666667
2016-1403-1328,0.106666667
2016-1403-1332,0.07
2016-1403-1333,0.486666667
2016-1403-1380,0.866666667
2016-1403-1386,0.47
2016-1403-1393,0.616666667
2016-1403-1400,0.15
2016-1403-1401,0.103333333
2016-1403-1423,0.773333333
2016-1403-1433,0.713333333
2016-1403-1453,0.97
2016-1403-1463,0.61
2016-1409-1112,0.266666667
2016-1409-1114,0.36
2016-1409-1122,0.78
2016-1409-1124,0.14
2016-1409-1138,0.956666667
2016-1409-1139,0.243333333
2016-1409-1143,0.1
2016-1409-1151,0.35
2016-1409-1153,0.36
2016-1409-1160,0.306666667
2016-1409-1163,0.273333333
2016-1409-1167,0.69
2016-1409-1173,0.35
2016-1409-1181,0.193333333
2016-1409-1192,0.76
2016-1409-1195,0.716666667
2016-1409-1201,0.523333333
2016-1409-1211,0.423333333
2016-1409-1214,0.91
2016-1409-1218,0.646666667
2016-1409-1221,0.846666667
2016-1409-1233,0.673333333
2016-1409-1234,0.313333333
2016-1409-1235,0.17
2016-1409-1242,0.023333333
2016-1409-1268,0.323333333
2016-1409-1274,0.106666667
2016-1409-1277,0.126666667
2016-1409-1292,0.733333333
2016-1409-1320,0.553333333
2016-1409-1328,0.096666667
2016-1409-1332,0.21
2016-1409-1333,0.423333333
2016-1409-1345,0.12
2016-1409-1355,0.43
2016-1409-1371,0.266666667
2016-1409-1372,0.436666667
2016-1409-1380,0.783333333
2016-1409-1386,0.386666667
2016-1409-1392,0.426666667
2016-1409-1393,0.503333333
2016-1409-1396,0.52
2016-1409-1400,0.13
2016-1409-1401,0.093333333
2016-1409-1403,0.19
2016-1409-1421,0.75
2016-1409-1423,0.4
2016-1409-1428,0.1
2016-1409-1433,0.363333333
2016-1409-1435,0.356666667
2016-1409-1437,0.036666667
2016-1409-1438,0.093333333
2016-1409-1451,0.84
2016-1409-1453,0.746666667
2016-1409-1455,0.346666667
2016-1409-1463,0.393333333
2016-1421-1114,0.136666667
2016-1421-1122,0.623333333
2016-1421-1124,0.233333333
2016-1421-1139,0.143333333
2016-1421-1153,0.216666667
2016-1421-1167,0.456666667
2016-1421-1173,0.213333333
2016-1421-1181,0.223333333
2016-1421-1201,0.276666667
2016-1421-1211,0.156666667
2016-1421-1214,0.75
2016-1421-1221,0.83
2016-1421-1233,0.193333333
2016-1421-1235,0.213333333
2016-1421-1277,0.05
2016-1421-1292,0.33
2016-1421-1320,0.186666667
2016-1421-1328,0.153333333
2016-1421-1332,0.303333333
2016-1421-1333,0.23
2016-1421-1345,0.076666667
2016-1421-1371,0.086666667
2016-1421-1380,0.716666667
2016-1421-1386,0.116666667
2016-1421-1393,0.103333333
2016-1421-1400,0.2
2016-1421-1401,0.153333333
2016-1421-1403,0.19
2016-1421-1423,0.193333333
2016-1421-1428,0.176666667
2016-1421-1433,0.123333333
2016-1421-1438,0.19
2016-1421-1453,0.286666667
2016-1421-1463,0.196666667
2016-1423-1167,0.856666667
2016-1423-1221,0.826666667
2016-1423-1380,0.866666667
2016-1423-1453,0.746666667
2016-1425-1112,0.096666667
2016-1425-1114,0.48
2016-1425-1122,0.883333333
2016-1425-1124,0.216666667
2016-1425-1138,0.886666667
2016-1425-1139,0.55
2016-1425-1143,0.216666667
2016-1425-1151,0.683333333
2016-1425-1153,0.516666667
2016-1425-1160,0.37
2016-1425-1163,0.423333333
2016-1425-1167,0.893333333
2016-1425-1173,0.27
2016-1425-1181,0.146666667
2016-1425-1192,0.87
2016-1425-1195,0.92
2016-1425-1201,0.873333333
2016-1425-1211,0.423333333
2016-1425-1214,0.906666667
2016-1425-1218,0.703333333
2016-1425-1221,0.87
2016-1425-1233,0.75
2016-1425-1234,0.116666667
2016-1425-1235,0.133333333
2016-1425-1242,0.066666667
2016-1425-1268,0.106666667
2016-1425-1274,0.16
2016-1425-1276,0.576666667
2016-1425-1277,0.08
2016-1425-1292,0.733333333
2016-1425-1320,0.683333333
2016-1425-1328,0.05
2016-1425-1332,0.233333333
2016-1425-1333,0.5
2016-1425-1338,0.536666667
2016-1425-1344,0.456666667
2016-1425-1345,0.11
2016-1425-1355,0.583333333
2016-1425-1371,0.216666667
2016-1425-1372,0.663333333
2016-1425-1380,0.94
2016-1425-1386,0.343333333
2016-1425-1392,0.67
2016-1425-1393,0.823333333
2016-1425-1396,0.803333333
2016-1425-1400,0.263333333
2016-1425-1401,0.21
2016-1425-1403,0.46
2016-1425-1409,0.61
2016-1425-1421,0.753333333
2016-1425-1423,0.64
2016-1425-1428,0.246666667
2016-1425-1433,0.493333333
2016-1425-1435,0.49
2016-1425-1437,0.15
2016-1425-1438,0.15
2016-1425-1451,0.793333333
2016-1425-1453,0.863333333
2016-1425-1455,0.506666667
2016-1425-1463,0.49
2016-1428-1114,0.663333333
2016-1428-1124,0.81
2016-1428-1139,0.763333333
2016-1428-1153,0.826666667
2016-1428-1167,0.783333333
2016-1428-1173,0.87
2016-1428-1181,0.67
2016-1428-1201,0.826666667
2016-1428-1211,0.743333333
2016-1428-1214,0.853333333
2016-1428-1221,0.97
2016-1428-1233,0.936666667
2016-1428-1235,0.61
2016-1428-1292,0.893333333
2016-1428-1320,0.743333333
2016-1428-1328,0.243333333
2016-1428-1332,0.346666667
2016-1428-1333,0.733333333
2016-1428-1345,0.493333333
2016-1428-1371,0.716666667
2016-1428-1380,0.856666667
2016-1428-1386,0.76
2016-1428-1393,0.693333333
2016-1428-1400,0.7
2016-1428-1401,0.43
2016-1428-1403,0.826666667
2016-1428-1423,0.936666667
2016-1428-1433,0.69
2016-1428-1453,0.946666667
2016-1428-1463,0.743333333
2016-1433-1167,0.746666667
2016-1433-1221,0.88
2016-1433-1320,0.736666667
2016-1433-1380,0.856666667
2016-1433-1423,0.736666667
2016-1433-1453,0.826666667
2016-1433-1463,0.62
2016-1435-1114,0.41
2016-1435-1122,0.84
2016-1435-1124,0.286666667
2016-1435-1138,0.826666667
2016-1435-1139,0.39
2016-1435-1153,0.46
2016-1435-1167,0.826666667
2016-1435-1173,0.416666667
2016-1435-1181,0.25
2016-1435-1201,0.866666667
2016-1435-1211,0.283333333
2016-1435-1214,0.86
2016-1435-1218,0.77
2016-1435-1221,0.826666667
2016-1435-1233,0.803333333
2016-1435-1235,0.256666667
2016-1435-1277,0.026666667
2016-1435-1292,0.856666667
2016-1435-1320,0.77
2016-1435-1328,0.206666667
2016-1435-1332,0.323333333
2016-1435-1333,0.623333333
2016-1435-1345,0.166666667
2016-1435-1355,0.61
2016-1435-1371,0.483333333
2016-1435-1380,0.89
2016-1435-1386,0.486666667
2016-1435-1393,0.766666667
2016-1435-1400,0.356666667
2016-1435-1401,0.283333333
2016-1435-1403,0.35
2016-1435-1421,0.83
2016-1435-1423,0.606666667
2016-1435-1428,0.346666667
2016-1435-1433,0.573333333
2016-1435-1438,0.246666667
2016-1435-1453,0.846666667
2016-1435-1455,0.55
2016-1435-1463,0.656666667
2016-1437-1112,0.833333333
2016-1437-1114,0.813333333
2016-1437-1122,0.953333333
2016-1437-1124,0.666666667
2016-1437-1138,0.986666667
2016-1437-1139,0.763333333
2016-1437-1143,0.773333333
2016-1437-1153,0.806666667
2016-1437-1160,0.833333333
2016-1437-1163,0.77
2016-1437-1167,0.856666667
2016-1437-1173,0.826666667
2016-1437-1181,0.87
2016-1437-1201,0.983333333
2016-1437-1211,0.74
2016-1437-1214,0.99
2016-1437-1218,0.876666667
2016-1437-1221,0.97
2016-1437-1233,0.936666667
2016-1437-1234,0.77
2016-1437-1235,0.803333333
2016-1437-1268,0.733333333
2016-1437-1274,0.84
2016-1437-1277,0.46
2016-1437-1292,0.946666667
2016-1437-1320,0.896666667
2016-1437-1328,0.626666667
2016-1437-1332,0.393333333
2016-1437-1333,0.786666667
2016-1437-1345,0.693333333
2016-1437-1355,0.95
2016-1437-1371,0.876666667
2016-1437-1380,0.97
2016-1437-1386,0.923333333
2016-1437-1393,0.806666667
2016-1437-1396,0.966666667
2016-1437-1400,0.92
2016-1437-1401,0.8
2016-1437-1403,0.903333333
2016-1437-1421,0.853333333
2016-1437-1423,0.973333333
2016-1437-1428,0.726666667
2016-1437-1433,0.893333333
2016-1437-1435,0.69
2016-1437-1438,0.373333333
2016-1437-1453,0.956666667
2016-1437-1455,0.95
2016-1437-1463,0.843333333
2016-1438-1114,0.846666667
2016-1438-1124,0.79
2016-1438-1139,0.936666667
2016-1438-1153,0.846666667
2016-1438-1167,0.843333333
2016-1438-1173,0.813333333
2016-1438-1181,0.913333333
2016-1438-1201,0.98
2016-1438-1211,0.853333333
2016-1438-1214,0.96
2016-1438-1221,0.966666667
2016-1438-1233,0.98
2016-1438-1235,0.89
2016-1438-1277,0.526666667
2016-1438-1292,0.973333333
2016-1438-1320,0.966666667
2016-1438-1328,0.64
2016-1438-1332,0.53
2016-1438-1333,0.96
2016-1438-1345,0.733333333
2016-1438-1371,0.83
2016-1438-1380,0.903333333
2016-1438-1386,0.826666667
2016-1438-1393,0.793333333
2016-1438-1400,0.823333333
2016-1438-1401,0.803333333
2016-1438-1403,0.883333333
2016-1438-1423,0.96
2016-1438-1428,0.88
2016-1438-1433,0.98
2016-1438-1453,0.976666667
2016-1438-1463,0.846666667
2016-1451-1112,0.04
2016-1451-1114,0.146666667
2016-1451-1122,0.823333333
2016-1451-1124,0.09
2016-1451-1138,0.256666667
2016-1451-1139,0.113333333
2016-1451-1143,0.026666667
2016-1451-1153,0.133333333
2016-1451-1160,0.05
2016-1451-1163,0.13
2016-1451-1167,0.56
2016-1451-1173,0.19
2016-1451-1181,0.08
2016-1451-1192,0.786666667
2016-1451-1195,0.62
2016-1451-1201,0.296666667
2016-1451-1211,0.246666667
2016-1451-1214,0.833333333
2016-1451-1218,0.33
2016-1451-1221,0.813333333
2016-1451-1233,0.246666667
2016-1451-1234,0.146666667
2016-1451-1235,0.11
2016-1451-1242,0.013333333
2016-1451-1268,0.136666667
2016-1451-1274,0.023333333
2016-1451-1277,0.066666667
2016-1451-1292,0.156666667
2016-1451-1320,0.136666667
2016-1451-1328,0.066666667
2016-1451-1332,0.16
2016-1451-1333,0.17
2016-1451-1345,0.04
2016-1451-1355,0.106666667
2016-1451-1371,0.05
2016-1451-1380,0.7
2016-1451-1386,0.35
2016-1451-1393,0.253333333
2016-1451-1396,0.343333333
2016-1451-1400,0.07
2016-1451-1401,0.026666667
2016-1451-1403,0.16
2016-1451-1421,0.5
2016-1451-1423,0.153333333
2016-1451-1428,0.026666667
2016-1451-1433,0.116666667
2016-1451-1435,0.14
2016-1451-1437,0.013333333
2016-1451-1438,0.03
2016-1451-1453,0.54
2016-1451-1455,0.156666667
2016-1451-1463,0.19
2016-1452-1112,0.613333333
2016-1452-1114,0.743333333
2016-1452-1122,0.923333333
2016-1452-1124,0.54
2016-1452-1138,0.96
2016-1452-1139,0.723333333
2016-1452-1143,0.633333333
2016-1452-1151,0.846666667
2016-1452-1153,0.696666667
2016-1452-1160,0.69
2016-1452-1163,0.636666667
2016-1452-1167,0.873333333
2016-1452-1173,0.68
2016-1452-1181,0.616666667
2016-1452-1192,0.956666667
2016-1452-1195,0.896666667
2016-1452-1201,0.916666667
2016-1452-1211,0.81
2016-1452-1214,0.973333333
2016-1452-1218,0.866666667
2016-1452-1221,0.973333333
2016-1452-1231,0.706666667
2016-1452-1233,0.853333333
2016-1452-1234,0.666666667
2016-1452-1235,0.646666667
2016-1452-1242,0.143333333
2016-1452-1246,0.526666667
2016-1452-1268,0.663333333
2016-1452-1274,0.333333333
2016-1452-1276,0.81
2016-1452-1277,0.36
2016-1452-1292,0.883333333
2016-1452-1320,0.92
2016-1452-1323,0.643333333
2016-1452-1328,0.373333333
2016-1452-1332,0.453333333
2016-1452-1333,0.876666667
2016-1452-1338,0.813333333
2016-1452-1344,0.91
2016-1452-1345,0.543333333
2016-1452-1355,0.843333333
2016-1452-1371,0.653333333
2016-1452-1372,0.896666667
2016-1452-1380,0.916666667
2016-1452-1386,0.87
2016-1452-1392,0.853333333
2016-1452-1393,0.766666667
2016-1452-1396,0.96
2016-1452-1400,0.856666667
2016-1452-1401,0.62
2016-1452-1403,0.746666667
2016-1452-1409,0.953333333
2016-1452-1421,0.856666667
2016-1452-1423,0.923333333
2016-1452-1425,0.673333333
2016-1452-1428,0.47
2016-1452-1433,0.84
2016-1452-1435,0.68
2016-1452-1437,0.27
2016-1452-1438,0.216666667
2016-1452-1451,0.923333333
2016-1452-1453,0.913333333
2016-1452-1455,0.81
2016-1452-1458,0.693333333
2016-1452-1463,0.78
2016-1453-1167,0.556666667
2016-1453-1221,0.91
2016-1453-1380,0.75
2016-1455-1114,0.643333333
2016-1455-1122,0.763333333
2016-1455-1124,0.24
2016-1455-1138,0.816666667
2016-1455-1139,0.493333333
2016-1455-1153,0.526666667
2016-1455-1167,0.853333333
2016-1455-1173,0.426666667
2016-1455-1181,0.253333333
2016-1455-1201,0.76
2016-1455-1211,0.593333333
2016-1455-1214,0.886666667
2016-1455-1218,0.776666667
2016-1455-1221,0.836666667
2016-1455-1233,0.75
2016-1455-1235,0.266666667
2016-1455-1277,0.096666667
2016-1455-1292,0.773333333
2016-1455-1320,0.743333333
2016-1455-1328,0.04
2016-1455-1332,0.256666667
2016-1455-1333,0.48
2016-1455-1345,0.233333333
2016-1455-1355,0.536666667
2016-1455-1371,0.273333333
2016-1455-1380,0.76
2016-1455-1386,0.353333333
2016-1455-1393,0.62
2016-1455-1400,0.176666667
2016-1455-1401,0.12
2016-1455-1403,0.323333333
2016-1455-1421,0.74
2016-1455-1423,0.693333333
2016-1455-1428,0.253333333
2016-1455-1433,0.5
2016-1455-1438,0.086666667
2016-1455-1453,0.786666667
2016-1455-1463,0.666666667
2016-1458-1112,0.23
2016-1458-1114,0.466666667
2016-1458-1122,0.97
2016-1458-1124,0.12
2016-1458-1138,0.826666667
2016-1458-1139,0.476666667
2016-1458-1143,0.233333333
2016-1458-1151,0.666666667
2016-1458-1153,0.63
2016-1458-1160,0.34
2016-1458-1163,0.46
2016-1458-1167,0.78
2016-1458-1173,0.336666667
2016-1458-1181,0.276666667
2016-1458-1192,0.913333333
2016-1458-1195,0.793333333
2016-1458-1201,0.76
2016-1458-1211,0.566666667
2016-1458-1214,0.853333333
2016-1458-1218,0.696666667
2016-1458-1221,0.95
2016-1458-1233,0.776666667
2016-1458-1234,0.256666667
2016-1458-1235,0.21
2016-1458-1242,0.106666667
2016-1458-1268,0.42
2016-1458-1274,0.266666667
2016-1458-1276,0.636666667
2016-1458-1277,0.216666667
2016-1458-1292,0.64
2016-1458-1320,0.72
2016-1458-1328,0.176666667
2016-1458-1332,0.306666667
2016-1458-1333,0.446666667
2016-1458-1338,0.733333333
2016-1458-1344,0.5
2016-1458-1345,0.25
2016-1458-1355,0.613333333
2016-1458-1371,0.426666667
2016-1458-1372,0.613333333
2016-1458-1380,0.813333333
2016-1458-1386,0.403333333
2016-1458-1392,0.633333333
2016-1458-1393,0.686666667
2016-1458-1396,0.76
2016-1458-1400,0.35
2016-1458-1401,0.426666667
2016-1458-1403,0.296666667
2016-1458-1409,0.856666667
2016-1458-1421,0.77
2016-1458-1423,0.59
2016-1458-1425,0.516666667
2016-1458-1428,0.076666667
2016-1458-1433,0.393333333
2016-1458-1435,0.473333333
2016-1458-1437,0.23
2016-1458-1438,0.166666667
2016-1458-1451,0.93
2016-1458-1453,0.843333333
2016-1458-1455,0.536666667
2016-1458-1463,0.43
2016-1462-1112,0.736666667
2016-1462-1114,0.796666667
2016-1462-1122,0.97
2016-1462-1124,0.606666667
2016-1462-1138,0.983333333
2016-1462-1139,0.816666667
2016-1462-1143,0.656666667
2016-1462-1151,0.936666667
2016-1462-1153,0.766666667
2016-1462-1160,0.623333333
2016-1462-1163,0.73
2016-1462-1167,0.84
2016-1462-1173,0.796666667
2016-1462-1181,0.776666667
2016-1462-1192,0.966666667
2016-1462-1195,0.973333333
2016-1462-1201,0.956666667
2016-1462-1211,0.856666667
2016-1462-1214,0.98
2016-1462-1218,0.826666667
2016-1462-1221,0.983333333
2016-1462-1231,0.703333333
2016-1462-1233,0.943333333
2016-1462-1234,0.69
2016-1462-1235,0.653333333
2016-1462-1242,0.173333333
2016-1462-1246,0.48
2016-1462-1268,0.683333333
2016-1462-1274,0.516666667
2016-1462-1276,0.87
2016-1462-1277,0.396666667
2016-1462-1292,0.866666667
2016-1462-1320,0.953333333
2016-1462-1323,0.763333333
2016-1462-1328,0.33
2016-1462-1332,0.586666667
2016-1462-1333,0.93
2016-1462-1338,0.823333333
2016-1462-1344,0.836666667
2016-1462-1345,0.633333333
2016-1462-1355,0.926666667
2016-1462-1371,0.78
2016-1462-1372,0.926666667
2016-1462-1380,0.976666667
2016-1462-1386,0.913333333
2016-1462-1392,0.873333333
2016-1462-1393,0.873333333
2016-1462-1396,0.94
2016-1462-1400,0.76
2016-1462-1401,0.766666667
2016-1462-1403,0.656666667
2016-1462-1409,0.893333333
2016-1462-1421,0.96
2016-1462-1423,0.97
2016-1462-1425,0.803333333
2016-1462-1428,0.66
2016-1462-1433,0.9
2016-1462-1435,0.72
2016-1462-1437,0.37
2016-1462-1438,0.276666667
2016-1462-1451,0.95
2016-1462-1452,0.686666667
2016-1462-1453,0.943333333
2016-1462-1455,0.813333333
2016-1462-1458,0.82
2016-1462-1463,0.84
2016-1463-1167,0.84
2016-1463-1221,0.833333333
2016-1463-1380,0.88
2016-1463-1423,0.75
2016-1463-1453,0.766666667
